,franchise_id,season,weighted_efficiency
1,ATL,1977,23.969375
2,ATL,1978,24.33915064
3,ATL,1979,23.43323718
4,ATL,1980,21.34541667
5,ATL,1981,26.00577778
6,ATL,1982,23.14096354
7,ATL,1983,22.98790278
8,ATL,1984,21.20805147
9,ATL,1985,24.32140931
10,ATL,1986,22.45091146
11,ATL,1987,23.81798077
12,ATL,1988,22.68300595
13,ATL,1989,24.04265625
14,ATL,1990,24.41341667
15,ATL,1991,23.12224359
16,ATL,1992,24.07813988
17,ATL,1993,20.5514974
18,ATL,1994,24.32825321
19,ATL,1995,22.54083333
20,ATL,1996,25.77108631
21,ATL,1997,20.28604167
22,ATL,1998,21.51158854
23,ATL,1999,23.27642628
24,ATL,2000,22.69372024
25,ATL,2001,21.69170833
26,ATL,2002,23.42560049
27,ATL,2003,19.45528509
28,ATL,2004,21.86804348
29,ATL,2005,22.10982639
30,ATL,2006,22.23090278
31,ATL,2007,21.51431713
32,ATL,2008,26.42217949
33,ATL,2009,23.18376488
34,ATL,2010,28.06154167
35,ATL,2011,22.13025735
36,ATL,2012,23.56176389
37,ATL,2013,23.42237745
38,ATL,2014,24.7652474
39,ATL,2015,22.93282552
40,ATL,2016,20.50922794
41,ATL,2017,20.96622807
42,ATL,2018,22.30224206
43,ATL,2019,19.82215278
44,ATL,2020,21.68516667
45,BOS,1977,22.95783654
46,BOS,1978,22.87320313
47,BOS,1979,23.72570602
48,BOS,1980,26.08671875
49,BOS,1981,28.87825
50,BOS,1982,23.61701923
51,BOS,1983,24.67510417
52,BOS,1984,26.78481061
53,BOS,1985,26.63847222
54,BOS,1986,23.77524038
55,BOS,1987,21.55898438
56,BOS,1988,23.62309896
57,BOS,1989,25.21828125
58,BOS,1990,23.69155449
59,BOS,1991,23.91589286
60,BOS,1992,22.32719907
61,BOS,1993,21.18548177
62,BOS,1994,23.300625
63,BOS,1995,21.89914216
64,BOS,1996,23.10551389
65,BOS,1997,23.59760417
66,BOS,1998,21.58335938
67,BOS,1999,22.86588889
68,BOS,2000,20.67776389
69,BOS,2001,21.24901961
70,BOS,2002,22.37023611
71,BOS,2003,24.07035714
72,BOS,2004,25.71019608
73,BOS,2005,22.85240278
74,BOS,2006,23.62273148
75,BOS,2007,25.2897526
76,BOS,2008,23.33109722
77,BOS,2009,25.85209821
78,BOS,2010,25.50554167
79,BOS,2011,22.77661706
80,BOS,2012,22.54822304
81,BOS,2013,21.96362269
82,BOS,2014,21.29908991
83,BOS,2015,21.80021825
84,BOS,2016,22.15909226
85,BOS,2017,23.90791667
86,BOS,2018,21.46174769
87,BOS,2019,23.97473958
88,BOS,2020,23.05360677
89,CHA,2005,20.65028509
90,CHA,2006,23.34690104
91,CHA,2007,21.95846065
92,CHA,2008,22.93801389
93,CHA,2009,20.73836957
94,CHA,2010,23.64510417
95,CHA,2011,22.45439815
96,CHA,2012,20.60356771
97,CHA,2013,21.28095588
98,CHA,2014,22.34529412
99,CHA,2015,22.4710049
100,CHA,2016,24.77322917
101,CHA,2017,21.6490162
102,CHA,2018,20.97194853
103,CHA,2019,21.53963235
104,CHA,2020,23.41223958
105,CHI,1977,20.03661458
106,CHI,1978,21.98177778
107,CHI,1979,22.99895833
108,CHI,1980,25.448125
109,CHI,1981,23.89572115
110,CHI,1982,23.06800595
111,CHI,1983,22.659375
112,CHI,1984,24.85754808
113,CHI,1985,25.18902244
114,CHI,1986,23.95234375
115,CHI,1987,21.76413889
116,CHI,1988,23.34863095
117,CHI,1989,21.68609722
118,CHI,1990,22.05645833
119,CHI,1991,24.32364583
120,CHI,1992,23.13732372
121,CHI,1993,19.17335784
122,CHI,1994,21.78674479
123,CHI,1995,23.2446224
124,CHI,1996,21.49636111
125,CHI,1997,22.25451389
126,CHI,1998,22.29516667
127,CHI,1999,19.98052778
128,CHI,2000,22.08834375
129,CHI,2001,21.98010417
130,CHI,2002,24.4078588
131,CHI,2003,21.03848611
132,CHI,2004,21.26235119
133,CHI,2005,20.92904167
134,CHI,2006,20.32953125
135,CHI,2007,22.8930609
136,CHI,2008,23.44736979
137,CHI,2009,26.10473039
138,CHI,2010,22.50178922
139,CHI,2011,24.4525641
140,CHI,2012,25.05698718
141,CHI,2013,22.35142857
142,CHI,2014,24.61902778
143,CHI,2015,25.57137821
144,CHI,2016,23.47097656
145,CHI,2017,22.37691176
146,CHI,2018,23.00280208
147,CHI,2019,26.70406746
148,CHI,2020,24.47860677
149,CLE,1977,22.87923077
150,CLE,1978,23.56532986
151,CLE,1979,24.77154762
152,CLE,1980,22.48725
153,CLE,1981,22.33834635
154,CLE,1982,22.03830616
155,CLE,1983,24.77834559
156,CLE,1984,23.97638889
157,CLE,1985,21.15959491
158,CLE,1986,22.26280637
159,CLE,1987,21.67901389
160,CLE,1988,25.29659722
161,CLE,1989,25.25678819
162,CLE,1990,24.55864583
163,CLE,1991,24.66113889
164,CLE,1992,23.53707031
165,CLE,1993,25.8125641
166,CLE,1994,22.78338542
167,CLE,1995,24.17386218
168,CLE,1996,23.64532738
169,CLE,1997,26.59445076
170,CLE,1998,21.488
171,CLE,1999,23.75545573
172,CLE,2000,18.33278935
173,CLE,2001,20.77633102
174,CLE,2002,22.426125
175,CLE,2003,22.60985119
176,CLE,2004,21.4433125
177,CLE,2005,20.32020833
178,CLE,2006,23.56752778
179,CLE,2007,23.48028846
180,CLE,2008,23.38148026
181,CLE,2009,24.09404762
182,CLE,2010,26.34313889
183,CLE,2011,23.90527412
184,CLE,2012,21.44161706
185,CLE,2013,21.7766886
186,CLE,2014,20.66894737
187,CLE,2015,22.02757675
188,CLE,2016,24.9796875
189,CLE,2017,24.63487939
190,CLE,2018,24.50355159
191,CLE,2019,23.07393333
192,CLE,2020,24.96752604
193,DAL,1981,20.31044643
194,DAL,1982,22.94323718
195,DAL,1983,23.77969551
196,DAL,1984,23.67825321
197,DAL,1985,26.26952652
198,DAL,1986,26.42222756
199,DAL,1987,27.36327652
200,DAL,1988,26.7519697
201,DAL,1989,27.15034722
202,DAL,1990,25.54184295
203,DAL,1991,25.92860119
204,DAL,1992,21.99192402
205,DAL,1993,20.77873843
206,DAL,1994,21.1941088
207,DAL,1995,23.56979167
208,DAL,1996,23.12981944
209,DAL,1997,23.8815
210,DAL,1998,23.73234069
211,DAL,1999,23.86785256
212,DAL,2000,25.39933333
213,DAL,2001,23.47180147
214,DAL,2002,22.14716009
215,DAL,2003,22.29427778
216,DAL,2004,24.47807692
217,DAL,2005,26.12663462
218,DAL,2006,23.83789063
219,DAL,2007,22.07015278
220,DAL,2008,22.70539352
221,DAL,2009,22.11589844
222,DAL,2010,25.1004902
223,DAL,2011,23.27286765
224,DAL,2012,21.07372396
225,DAL,2013,22.09482639
226,DAL,2014,24.72080128
227,DAL,2015,22.74655093
228,DAL,2016,22.84272135
229,DAL,2017,20.95978261
230,DAL,2018,21.17867063
231,DAL,2019,23.52063542
232,DAL,2020,24.59070313
233,DEN,1977,23.12863095
234,DEN,1978,22.18158333
235,DEN,1979,23.97776042
236,DEN,1980,25.99679167
237,DEN,1981,22.69674479
238,DEN,1982,26.13875
239,DEN,1983,23.11485119
240,DEN,1984,22.0505506
241,DEN,1985,23.89717014
242,DEN,1986,23.81067708
243,DEN,1987,23.32703526
244,DEN,1988,22.84502976
245,DEN,1989,22.743125
246,DEN,1990,22.49875
247,DEN,1991,21.58385913
248,DEN,1992,20.15213889
249,DEN,1993,22.54386905
250,DEN,1994,19.41351563
251,DEN,1995,24.33732143
252,DEN,1996,22.81301389
253,DEN,1997,20.77961174
254,DEN,1998,23.3508724
255,DEN,1999,23.40044643
256,DEN,2000,21.69851716
257,DEN,2001,21.07943627
258,DEN,2002,23.0412996
259,DEN,2003,19.8624375
260,DEN,2004,20.37905556
261,DEN,2005,24.35175
262,DEN,2006,26.29248611
263,DEN,2007,26.07866898
264,DEN,2008,23.72970833
265,DEN,2009,26.9046875
266,DEN,2010,26.0636859
267,DEN,2011,25.89871711
268,DEN,2012,25.24648284
269,DEN,2013,24.2818006
270,DEN,2014,24.18360677
271,DEN,2015,22.2299537
272,DEN,2016,22.93164352
273,DEN,2017,23.95594363
274,DEN,2018,23.88621324
275,DEN,2019,26.13552885
276,DEN,2020,24.39722222
277,DET,1977,22.16793155
278,DET,1978,24.08150735
279,DET,1979,21.5816276
280,DET,1980,26.50454657
281,DET,1981,21.96869792
282,DET,1982,21.39763889
283,DET,1983,23.17408854
284,DET,1984,22.31559295
285,DET,1985,21.89009722
286,DET,1986,25.61174242
287,DET,1987,24.85276042
288,DET,1988,27.88310606
289,DET,1989,28.54647569
290,DET,1990,24.24789931
291,DET,1991,24.08307692
292,DET,1992,23.99864583
293,DET,1993,22.67897222
294,DET,1994,23.04477865
295,DET,1995,23.47248611
296,DET,1996,24.40650298
297,DET,1997,21.53919271
298,DET,1998,23.87597222
299,DET,1999,20.61601563
300,DET,2000,21.24868056
301,DET,2001,20.5925
302,DET,2002,21.75752778
303,DET,2003,22.04135417
304,DET,2004,21.31415365
305,DET,2005,19.50436275
306,DET,2006,19.9891299
307,DET,2007,24.58184524
308,DET,2008,20.28596065
309,DET,2009,27.63751603
310,DET,2010,24.70372024
311,DET,2011,24.84554487
312,DET,2012,21.6231994
313,DET,2013,24.17419271
314,DET,2014,22.17498512
315,DET,2015,21.459375
316,DET,2016,22.55153186
317,DET,2017,22.63799107
318,DET,2018,24.25552083
319,DET,2019,21.14605263
320,DET,2020,22.98914773
321,GSW,1977,22.40991071
322,GSW,1978,21.82035714
323,GSW,1979,23.266875
324,GSW,1980,22.33123512
325,GSW,1981,21.23282552
326,GSW,1982,23.73551282
327,GSW,1983,23.41566886
328,GSW,1984,20.82547222
329,GSW,1985,23.63370192
330,GSW,1986,24.15360577
331,GSW,1987,22.97345238
332,GSW,1988,23.11727183
333,GSW,1989,20.3209375
334,GSW,1990,22.00971354
335,GSW,1991,21.11676471
336,GSW,1992,22.26010417
337,GSW,1993,24.69799342
338,GSW,1994,21.97118056
339,GSW,1995,27.73982639
340,GSW,1996,24.64205556
341,GSW,1997,22.50622396
342,GSW,1998,20.87498106
343,GSW,1999,20.62895833
344,GSW,2000,21.20174819
345,GSW,2001,22.7703125
346,GSW,2002,20.36193056
347,GSW,2003,21.90375
348,GSW,2004,21.85845052
349,GSW,2005,22.59523284
350,GSW,2006,22.26452778
351,GSW,2007,23.94289583
352,GSW,2008,21.53825521
353,GSW,2009,26.26214461
354,GSW,2010,30.32020833
355,GSW,2011,21.48517157
356,GSW,2012,23.750625
357,GSW,2013,24.07578526
358,GSW,2014,23.52306944
359,GSW,2015,23.38950893
360,GSW,2016,23.27363889
361,GSW,2017,21.76452206
362,GSW,2018,24.40013021
363,GSW,2019,23.47230392
364,GSW,2020,24.86916667
365,HOU,1977,24.20274306
366,HOU,1978,20.72569444
367,HOU,1979,25.30902778
368,HOU,1980,25.21479167
369,HOU,1981,23.89703526
370,HOU,1982,23.16902244
371,HOU,1983,21.46994048
372,HOU,1984,22.68697115
373,HOU,1985,25.2825
374,HOU,1986,25.16262153
375,HOU,1987,23.760625
376,HOU,1988,23.25804167
377,HOU,1989,22.27122024
378,HOU,1990,22.10377778
379,HOU,1991,23.46879808
380,HOU,1992,24.21671474
381,HOU,1993,24.20645833
382,HOU,1994,25.94512821
383,HOU,1995,26.79002778
384,HOU,1996,24.61002451
385,HOU,1997,25.55876302
386,HOU,1998,24.66958333
387,HOU,1999,21.38369792
388,HOU,2000,23.33642157
389,HOU,2001,25.47908654
390,HOU,2002,25.21183036
391,HOU,2003,23.82952381
392,HOU,2004,22.10276389
393,HOU,2005,22.8814375
394,HOU,2006,22.60651316
395,HOU,2007,23.36290278
396,HOU,2008,21.93949074
397,HOU,2009,27.21438988
398,HOU,2010,22.58778935
399,HOU,2011,23.03323529
400,HOU,2012,21.48173611
401,HOU,2013,22.46207176
402,HOU,2014,24.57444853
403,HOU,2015,22.15752193
404,HOU,2016,22.65154412
405,HOU,2017,25.39088542
406,HOU,2018,22.91832341
407,HOU,2019,24.17395833
408,HOU,2020,23.39223958
409,IND,1977,20.43963542
410,IND,1978,24.33886719
411,IND,1979,24.08115385
412,IND,1980,23.31290179
413,IND,1981,21.96232143
414,IND,1982,22.57677885
415,IND,1983,22.64762821
416,IND,1984,21.97647321
417,IND,1985,21.08275
418,IND,1986,23.77364583
419,IND,1987,21.169
420,IND,1988,25.87263258
421,IND,1989,25.17048177
422,IND,1990,24.46283654
423,IND,1991,25.12946181
424,IND,1992,23.50154762
425,IND,1993,23.06152244
426,IND,1994,22.12378906
427,IND,1995,22.87752976
428,IND,1996,23.15068452
429,IND,1997,23.39819853
430,IND,1998,23.50668269
431,IND,1999,21.64686012
432,IND,2000,24.40157051
433,IND,2001,22.19360119
434,IND,2002,26.70693056
435,IND,2003,22.02229167
436,IND,2004,24.49528846
437,IND,2005,24.38480208
438,IND,2006,29.25482143
439,IND,2007,22.07203947
440,IND,2008,24.215125
441,IND,2009,25.38741071
442,IND,2010,23.58290278
443,IND,2011,23.03597222
444,IND,2012,21.460125
445,IND,2013,20.42227778
446,IND,2014,20.93854167
447,IND,2015,23.19882813
448,IND,2016,22.21166667
449,IND,2017,24.58110119
450,IND,2018,24.49056548
451,IND,2019,25.50590774
452,IND,2020,23.63164063
453,LAC,1977,22.0136152
454,LAC,1978,22.78584491
455,LAC,1979,21.57526786
456,LAC,1980,23.40020833
457,LAC,1981,21.45973214
458,LAC,1982,25.74379902
459,LAC,1983,22.31256127
460,LAC,1984,24.83741987
461,LAC,1985,24.09128205
462,LAC,1986,21.70210526
463,LAC,1987,23.91596814
464,LAC,1988,22.11388542
465,LAC,1989,21.46070602
466,LAC,1990,22.76016447
467,LAC,1991,25.77846726
468,LAC,1992,22.70641667
469,LAC,1993,23.03858974
470,LAC,1994,24.3823652
471,LAC,1995,20.33210938
472,LAC,1996,24.94905449
473,LAC,1997,21.57731944
474,LAC,1998,25.66400298
475,LAC,1999,20.71596354
476,LAC,2000,23.77969444
477,LAC,2001,21.93966667
478,LAC,2002,21.24283854
479,LAC,2003,25.32301389
480,LAC,2004,23.24254167
481,LAC,2005,23.63270833
482,LAC,2006,21.29967593
483,LAC,2007,20.44457108
484,LAC,2008,23.16366898
485,LAC,2009,23.90176535
486,LAC,2010,22.82393519
487,LAC,2011,23.8228799
488,LAC,2012,21.76058824
489,LAC,2013,23.71235119
490,LAC,2014,21.17748904
491,LAC,2015,23.09447917
492,LAC,2016,23.48359375
493,LAC,2017,25.98304487
494,LAC,2018,26.31617708
495,LAC,2019,22.26311508
496,LAC,2020,22.88668981
497,LAL,1977,20.90080556
498,LAL,1978,25.68464844
499,LAL,1979,26.44980903
500,LAL,1980,24.3968006
501,LAL,1981,24.93528846
502,LAL,1982,24.7849256
503,LAL,1983,21.70967448
504,LAL,1984,24.85232143
505,LAL,1985,25.32150641
506,LAL,1986,24.91540179
507,LAL,1987,25.63921474
508,LAL,1988,26.53442308
509,LAL,1989,28.21799242
510,LAL,1990,25.89899306
511,LAL,1991,27.1111553
512,LAL,1992,23.47107143
513,LAL,1993,25.08150641
514,LAL,1994,22.74397135
515,LAL,1995,23.99925
516,LAL,1996,27.23227431
517,LAL,1997,25.40340278
518,LAL,1998,26.86001736
519,LAL,1999,22.77915441
520,LAL,2000,20.84459722
521,LAL,2001,23.43113889
522,LAL,2002,22.79862179
523,LAL,2003,21.5319494
524,LAL,2004,22.49904948
525,LAL,2005,21.56997396
526,LAL,2006,21.08716667
527,LAL,2007,26.14122024
528,LAL,2008,23.63853009
529,LAL,2009,22.36265278
530,LAL,2010,23.76076923
531,LAL,2011,23.08133929
532,LAL,2012,22.83770833
533,LAL,2013,24.77968056
534,LAL,2014,25.42721491
535,LAL,2015,24.74954861
536,LAL,2016,22.46651389
537,LAL,2017,22.28824074
538,LAL,2018,22.49375
539,LAL,2019,23.87973958
540,LAL,2020,24.37441964
541,MEM,1996,23.38083333
542,MEM,1997,21.40121094
543,MEM,1998,22.99438802
544,MEM,1999,19.86335648
545,MEM,2000,21.89906944
546,MEM,2001,22.142875
547,MEM,2002,23.61221814
548,MEM,2003,21.9921201
549,MEM,2004,20.31145833
550,MEM,2005,24.30809524
551,MEM,2006,22.83101563
552,MEM,2007,24.86393229
553,MEM,2008,21.60527412
554,MEM,2009,22.14654762
555,MEM,2010,22.20661458
556,MEM,2011,20.1205787
557,MEM,2012,20.26311198
558,MEM,2013,20.5852193
559,MEM,2014,22.31757353
560,MEM,2015,20.31518519
561,MEM,2016,22.71335069
562,MEM,2017,22.5763848
563,MEM,2018,23.98358696
564,MEM,2019,23.2140997
565,MEM,2020,21.75879167
566,MIA,1989,20.8296201
567,MIA,1990,22.10052885
568,MIA,1991,22.08827381
569,MIA,1992,25.37354167
570,MIA,1993,27.45533654
571,MIA,1994,24.08266026
572,MIA,1995,26.79322222
573,MIA,1996,24.39952652
574,MIA,1997,28.45217262
575,MIA,1998,23.75191406
576,MIA,1999,22.37106618
577,MIA,2000,22.23041667
578,MIA,2001,22.10174479
579,MIA,2002,20.67757353
580,MIA,2003,22.07858631
581,MIA,2004,20.8752474
582,MIA,2005,23.05686198
583,MIA,2006,23.131875
584,MIA,2007,24.17473958
585,MIA,2008,26.08910038
586,MIA,2009,22.92892361
587,MIA,2010,22.97454167
588,MIA,2011,23.91914216
589,MIA,2012,23.04123611
590,MIA,2013,22.38825521
591,MIA,2014,24.44410156
592,MIA,2015,23.86099206
593,MIA,2016,25.63808594
594,MIA,2017,25.43630556
595,MIA,2018,23.199375
596,MIA,2019,24.19473958
597,MIA,2020,24.69607456
598,MIL,1977,21.25503676
599,MIL,1978,21.28802083
600,MIL,1979,23.16272436
601,MIL,1980,26.22166667
602,MIL,1981,26.66026515
603,MIL,1982,22.10770833
604,MIL,1983,23.27873698
605,MIL,1984,23.45459722
606,MIL,1985,23.34172222
607,MIL,1986,23.37666667
608,MIL,1987,18.89883929
609,MIL,1988,20.16815789
610,MIL,1989,24.6635119
611,MIL,1990,21.5153588
612,MIL,1991,24.7609375
613,MIL,1992,22.79883013
614,MIL,1993,21.30685049
615,MIL,1994,20.40714844
616,MIL,1995,25.7346875
617,MIL,1996,22.01046875
618,MIL,1997,22.43611607
619,MIL,1998,23.05630556
620,MIL,1999,24.17561198
621,MIL,2000,23.24177778
622,MIL,2001,22.81822222
623,MIL,2002,25.8186859
624,MIL,2003,28.33489583
625,MIL,2004,23.80372396
626,MIL,2005,21.90993056
627,MIL,2006,26.206875
628,MIL,2007,23.86522135
629,MIL,2008,24.63633929
630,MIL,2009,22.49827206
631,MIL,2010,20.96900463
632,MIL,2011,23.08276042
633,MIL,2012,22.75506127
634,MIL,2013,20.32399306
635,MIL,2014,24.66925926
636,MIL,2015,22.35385417
637,MIL,2016,22.07633578
638,MIL,2017,23.91152344
639,MIL,2018,21.31357955
640,MIL,2019,20.73529356
641,MIL,2020,22.1701348
642,MIN,1990,21.14047619
643,MIN,1991,23.36585069
644,MIN,1992,21.25329427
645,MIN,1993,22.79909226
646,MIN,1994,21.19994792
647,MIN,1995,23.06729167
648,MIN,1996,24.68115885
649,MIN,1997,25.61710069
650,MIN,1998,24.22152778
651,MIN,1999,21.23906863
652,MIN,2000,24.00767361
653,MIN,2001,23.24157051
654,MIN,2002,21.70225
655,MIN,2003,22.72825893
656,MIN,2004,22.71569444
657,MIN,2005,24.09607143
658,MIN,2006,25.06796569
659,MIN,2007,22.65190476
660,MIN,2008,23.30450521
661,MIN,2009,22.79298177
662,MIN,2010,20.13684896
663,MIN,2011,21.97071078
664,MIN,2012,24.40994444
665,MIN,2013,21.82960526
666,MIN,2014,21.97489583
667,MIN,2015,25.03074811
668,MIN,2016,22.07063802
669,MIN,2017,23.85002778
670,MIN,2018,25.51485577
671,MIN,2019,24.41792708
672,MIN,2020,25.62470644
673,NJN,1977,22.58105324
674,NJN,1978,23.9974537
675,NJN,1979,24.4305506
676,NJN,1980,24.72049479
677,NJN,1981,25.33956845
678,NJN,1982,22.09231771
679,NJN,1983,23.0918099
680,NJN,1984,25.2434375
681,NJN,1985,23.50310049
682,NJN,1986,22.94654167
683,NJN,1987,22.86397059
684,NJN,1988,22.77473958
685,NJN,1989,22.86482143
686,NJN,1990,20.2781713
687,NJN,1991,22.49970052
688,NJN,1992,23.12157051
689,NJN,1993,20.04710784
690,NJN,1994,21.63569444
691,NJN,1995,24.95876488
692,NJN,1996,21.37055556
693,NJN,1997,23.14724206
694,NJN,1998,21.81489583
695,NJN,1999,20.67555871
696,NJN,2000,22.98613095
697,NJN,2001,21.3670943
698,NJN,2002,20.05829167
699,NJN,2003,23.45751603
700,NJN,2004,21.27933333
701,NJN,2005,22.44745833
702,NJN,2006,20.96505208
703,NJN,2007,26.03141026
704,NJN,2008,21.45479167
705,NJN,2009,24.4655506
706,NJN,2010,22.75631127
707,NJN,2011,21.04217262
708,NJN,2012,22.51121032
709,NJN,2013,20.779125
710,NJN,2014,22.68536184
711,NJN,2015,20.5746412
712,NJN,2016,23.54363971
713,NJN,2017,21.17058532
714,NJN,2018,21.91073413
715,NJN,2019,22.76474537
716,NJN,2020,21.92982456
717,NOH,1989,21.41971354
718,NOH,1990,20.6419375
719,NOH,1991,21.82741422
720,NOH,1992,23.18908333
721,NOH,1993,22.25191667
722,NOH,1994,22.1001864
723,NOH,1995,24.09615278
724,NOH,1996,23.23626096
725,NOH,1997,22.97411765
726,NOH,1998,21.07743873
727,NOH,1999,24.61317708
728,NOH,2000,25.61883013
729,NOH,2001,21.77988889
730,NOH,2002,22.63782738
731,NOH,2003,22.46729167
732,NOH,2004,21.42757813
733,NOH,2005,22.70000947
734,NOH,2006,20.55801535
735,NOH,2007,25.33102778
736,NOH,2008,21.88878906
737,NOH,2009,23.80269444
738,NOH,2010,24.71456944
739,NOH,2011,20.89001157
740,NOH,2012,22.18835227
741,NOH,2013,20.89002451
742,NOH,2014,22.4216875
743,NOH,2015,20.97465625
744,NOH,2016,25.43717708
745,NOH,2017,24.32205929
746,NOH,2018,22.70491228
747,NOH,2019,23.78453125
748,NOH,2020,25.21048177
749,NYK,1977,24.16977865
750,NYK,1978,24.29375
751,NYK,1979,23.64152344
752,NYK,1980,23.61634615
753,NYK,1981,26.03827652
754,NYK,1982,22.22563889
755,NYK,1983,25.07362847
756,NYK,1984,24.48758013
757,NYK,1985,24.74940705
758,NYK,1986,23.07553385
759,NYK,1987,22.86065972
760,NYK,1988,18.15936404
761,NYK,1989,25.33020833
762,NYK,1990,26.59855769
763,NYK,1991,26.21479167
764,NYK,1992,25.2349053
765,NYK,1993,24.98512153
766,NYK,1994,27.30866987
767,NYK,1995,24.20270833
768,NYK,1996,24.42908854
769,NYK,1997,25.77385417
770,NYK,1998,24.5225744
771,NYK,1999,24.41803819
772,NYK,2000,24.44560897
773,NYK,2001,24.25509722
774,NYK,2002,22.95547619
775,NYK,2003,23.31059295
776,NYK,2004,24.68157292
777,NYK,2005,22.30106618
778,NYK,2006,22.84220395
779,NYK,2007,24.51195833
780,NYK,2008,24.70238095
781,NYK,2009,23.75503125
782,NYK,2010,25.02823958
783,NYK,2011,25.35799342
784,NYK,2012,22.74115196
785,NYK,2013,22.92169956
786,NYK,2014,22.72731618
787,NYK,2015,24.43622917
788,NYK,2016,22.26464286
789,NYK,2017,22.31463542
790,NYK,2018,21.66622917
791,NYK,2019,23.05326993
792,NYK,2020,22.56914216
793,OKC,1977,22.12543155
794,OKC,1978,21.46650298
795,OKC,1979,23.06229167
796,OKC,1980,24.88649621
797,OKC,1981,24.16741071
798,OKC,1982,22.5996875
799,OKC,1983,25.30949653
800,OKC,1984,23.92863782
801,OKC,1985,21.84956944
802,OKC,1986,21.57108631
803,OKC,1987,23.18530556
804,OKC,1988,22.69777244
805,OKC,1989,22.41535256
806,OKC,1990,22.47091667
807,OKC,1991,26.32856944
808,OKC,1992,23.48373512
809,OKC,1993,25.26330128
810,OKC,1994,26.61282197
811,OKC,1995,26.5925
812,OKC,1996,25.58560897
813,OKC,1997,23.27272321
814,OKC,1998,25.76296875
815,OKC,1999,22.00292969
816,OKC,2000,20.812625
817,OKC,2001,24.99559295
818,OKC,2002,23.29472656
819,OKC,2003,23.88463235
820,OKC,2004,25.16451923
821,OKC,2005,26.91267361
822,OKC,2006,22.72080044
823,OKC,2007,22.57648611
824,OKC,2008,19.09634868
825,OKC,2009,24.85304398
826,OKC,2010,22.07177696
827,OKC,2011,22.01622685
828,OKC,2012,22.73702778
829,OKC,2013,21.28613281
830,OKC,2014,22.51145833
831,OKC,2015,22.4777877
832,OKC,2016,24.33001488
833,OKC,2017,21.27414474
834,OKC,2018,24.37965774
835,OKC,2019,22.68469444
836,OKC,2020,26.45725962
837,ORL,1990,23.36261905
838,ORL,1991,22.89688988
839,ORL,1992,23.49952206
840,ORL,1993,24.978125
841,ORL,1994,22.3997619
842,ORL,1995,25.58495192
843,ORL,1996,24.99358631
844,ORL,1997,25.11731771
845,ORL,1998,20.21373958
846,ORL,1999,19.13533333
847,ORL,2000,19.1689364
848,ORL,2001,22.1825
849,ORL,2002,21.87704657
850,ORL,2003,23.75606618
851,ORL,2004,19.74128125
852,ORL,2005,21.37263889
853,ORL,2006,23.76259259
854,ORL,2007,24.50258929
855,ORL,2008,22.80643056
856,ORL,2009,23.94980469
857,ORL,2010,26.96352431
858,ORL,2011,26.12416667
859,ORL,2012,21.55677083
860,ORL,2013,23.29333333
861,ORL,2014,22.23851563
862,ORL,2015,23.14908333
863,ORL,2016,22.10708333
864,ORL,2017,21.13421569
865,ORL,2018,22.88962719
866,ORL,2019,23.11425
867,ORL,2020,24.90034722
868,PHI,1977,23.72068452
869,PHI,1978,26.57217803
870,PHI,1979,24.36635417
871,PHI,1980,24.71958333
872,PHI,1981,27.28421875
873,PHI,1982,25.28692308
874,PHI,1983,24.99216346
875,PHI,1984,23.76979167
876,PHI,1985,23.71223214
877,PHI,1986,23.14727865
878,PHI,1987,26.5796875
879,PHI,1988,24.4387037
880,PHI,1989,23.83844444
881,PHI,1990,21.41544444
882,PHI,1991,22.45626225
883,PHI,1992,22.60608631
884,PHI,1993,23.27159226
885,PHI,1994,22.54111979
886,PHI,1995,21.18336623
887,PHI,1996,23.6146441
888,PHI,1997,21.74983073
889,PHI,1998,22.11449405
890,PHI,1999,20.56324405
891,PHI,2000,22.47761111
892,PHI,2001,23.38582108
893,PHI,2002,21.185625
894,PHI,2003,23.90675595
895,PHI,2004,25.20236607
896,PHI,2005,22.3036152
897,PHI,2006,24.05933036
898,PHI,2007,25.36278646
899,PHI,2008,23.27923077
900,PHI,2009,24.06096154
901,PHI,2010,23.45877778
902,PHI,2011,22.8475744
903,PHI,2012,21.14780556
904,PHI,2013,21.83701823
905,PHI,2014,19.86336957
906,PHI,2015,21.15549479
907,PHI,2016,21.38729167
908,PHI,2017,23.4881746
909,PHI,2018,20.77307765
910,PHI,2019,24.13165865
911,PHI,2020,23.47794118
912,PHO,1977,24.05990385
913,PHO,1978,23.28430556
914,PHO,1979,25.83349359
915,PHO,1980,24.98939236
916,PHO,1981,25.39306818
917,PHO,1982,26.50926136
918,PHO,1983,22.23193452
919,PHO,1984,23.48991071
920,PHO,1985,23.72704167
921,PHO,1986,22.51139706
922,PHO,1987,24.3284375
923,PHO,1988,24.50858553
924,PHO,1989,23.44325893
925,PHO,1990,26.04175595
926,PHO,1991,24.23238889
927,PHO,1992,25.1299359
928,PHO,1993,25.27511905
929,PHO,1994,22.736625
930,PHO,1995,25.33120536
931,PHO,1996,25.38886905
932,PHO,1997,22.37226326
933,PHO,1998,25.68525641
934,PHO,1999,21.63054688
935,PHO,2000,23.67848958
936,PHO,2001,21.35873698
937,PHO,2002,20.76
938,PHO,2003,23.50339744
939,PHO,2004,22.58991898
940,PHO,2005,23.80148611
941,PHO,2006,24.3625651
942,PHO,2007,24.67513393
943,PHO,2008,25.61320313
944,PHO,2009,25.44805147
945,PHO,2010,25.17891026
946,PHO,2011,25.07901961
947,PHO,2012,23.84415064
948,PHO,2013,22.31584722
949,PHO,2014,23.93346726
950,PHO,2015,19.58280754
951,PHO,2016,19.94039855
952,PHO,2017,22.68886029
953,PHO,2018,22.97996212
954,PHO,2019,23.22918561
955,PHO,2020,23.15204657
956,POR,1977,24.95496528
957,POR,1978,23.33359722
958,POR,1979,23.20222222
959,POR,1980,25.57136111
960,POR,1981,22.72162202
961,POR,1982,23.532875
962,POR,1983,22.71491071
963,POR,1984,25.27246528
964,POR,1985,26.563125
965,POR,1986,28.14359375
966,POR,1987,27.27176282
967,POR,1988,26.21267628
968,POR,1989,22.61153646
969,POR,1990,24.16782986
970,POR,1991,24.21081731
971,POR,1992,23.65012821
972,POR,1993,23.82790064
973,POR,1994,22.52628205
974,POR,1995,23.91338542
975,POR,1996,22.74166667
976,POR,1997,19.90737939
977,POR,1998,22.28224781
978,POR,1999,20.56053571
979,POR,2000,23.94796474
980,POR,2001,25.21128205
981,POR,2002,21.46191667
982,POR,2003,25.22717014
983,POR,2004,23.97047454
984,POR,2005,25.20754167
985,POR,2006,22.59432598
986,POR,2007,22.62451823
987,POR,2008,23.67855769
988,POR,2009,25.39637153
989,POR,2010,26.60632813
990,POR,2011,22.50879902
991,POR,2012,22.82390931
992,POR,2013,22.43354167
993,POR,2014,22.03097222
994,POR,2015,22.35391204
995,POR,2016,23.42100962
996,POR,2017,24.53573611
997,POR,2018,24.03217262
998,POR,2019,21.95034722
999,POR,2020,27.22909314
1000,SAC,1977,23.05692708
1001,SAC,1978,21.125625
1002,SAC,1979,22.59052083
1003,SAC,1980,22.33758929
1004,SAC,1981,23.69924107
1005,SAC,1982,23.68045573
1006,SAC,1983,22.94706845
1007,SAC,1984,24.02365278
1008,SAC,1985,22.90997024
1009,SAC,1986,22.02831845
1010,SAC,1987,22.08209722
1011,SAC,1988,24.53665278
1012,SAC,1989,25.57565104
1013,SAC,1990,25.47717262
1014,SAC,1991,23.02073529
1015,SAC,1992,26.18336538
1016,SAC,1993,22.8269401
1017,SAC,1994,22.21876225
1018,SAC,1995,23.60951923
1019,SAC,1996,22.81145833
1020,SAC,1997,21.14714844
1021,SAC,1998,21.30316406
1022,SAC,1999,22.27842262
1023,SAC,2000,23.26535714
1024,SAC,2001,23.84692308
1025,SAC,2002,25.56392361
1026,SAC,2003,26.44208333
1027,SAC,2004,25.88701923
1028,SAC,2005,27.26606618
1029,SAC,2006,27.93974359
1030,SAC,2007,23.53428571
1031,SAC,2008,22.2883912
1032,SAC,2009,24.48014583
1033,SAC,2010,21.97644737
1034,SAC,2011,25.75136905
1035,SAC,2012,21.5775
1036,SAC,2013,23.09567708
1037,SAC,2014,21.02044508
1038,SAC,2015,23.58576823
1039,SAC,2016,24.3875
1040,SAC,2017,26.14223684
1041,SAC,2018,21.70712963
1042,SAC,2019,21.1149375
1043,SAC,2020,24.08507675
1044,SAS,1977,24.48532051
1045,SAS,1978,23.33377976
1046,SAS,1979,25.19760417
1047,SAS,1980,24.03901389
1048,SAS,1981,23.95119048
1049,SAS,1982,22.68084559
1050,SAS,1983,24.14640278
1051,SAS,1984,23.77744792
1052,SAS,1985,22.62821078
1053,SAS,1986,22.88571759
1054,SAS,1987,22.41688802
1055,SAS,1988,21.65132675
1056,SAS,1989,21.09958333
1057,SAS,1990,23.01747222
1058,SAS,1991,24.14480469
1059,SAS,1992,22.40224265
1060,SAS,1993,23.15377778
1061,SAS,1994,25.66671875
1062,SAS,1995,27.12446181
1063,SAS,1996,22.484125
1064,SAS,1997,21.00863542
1065,SAS,1998,23.72105655
1066,SAS,1999,24.80083333
1067,SAS,2000,22.54851389
1068,SAS,2001,21.71244444
1069,SAS,2002,21.72986111
1070,SAS,2003,23.83769231
1071,SAS,2004,19.06134804
1072,SAS,2005,20.25123775
1073,SAS,2006,22.40150298
1074,SAS,2007,21.74934896
1075,SAS,2008,18.84628289
1076,SAS,2009,20.09432018
1077,SAS,2010,21.67674479
1078,SAS,2011,19.39871528
1079,SAS,2012,20.80277778
1080,SAS,2013,23.41330729
1081,SAS,2014,19.94405702
1082,SAS,2015,20.89939951
1083,SAS,2016,21.37292892
1084,SAS,2017,21.65610677
1085,SAS,2018,20.92276961
1086,SAS,2019,23.5544494
1087,SAS,2020,20.82345052
1088,TOR,1996,25.76212719
1089,TOR,1997,19.79315476
1090,TOR,1998,21.06794384
1091,TOR,1999,21.35578526
1092,TOR,2000,21.15589286
1093,TOR,2001,21.14496324
1094,TOR,2002,21.1594401
1095,TOR,2003,22.29321759
1096,TOR,2004,21.03767857
1097,TOR,2005,22.38865885
1098,TOR,2006,22.02050245
1099,TOR,2007,25.5736756
1100,TOR,2008,20.57564951
1101,TOR,2009,23.17631127
1102,TOR,2010,24.30316964
1103,TOR,2011,23.68114583
1104,TOR,2012,22.31003472
1105,TOR,2013,24.40774306
1106,TOR,2014,20.6585636
1107,TOR,2015,26.50236111
1108,TOR,2016,23.86802778
1109,TOR,2017,25.45260417
1110,TOR,2018,22.542875
1111,TOR,2019,22.7136875
1112,TOR,2020,26.826875
1113,UTA,1977,23.67513393
1114,UTA,1978,25.13360577
1115,UTA,1979,27.4260119
1116,UTA,1980,22.03814693
1117,UTA,1981,23.29608073
1118,UTA,1982,23.34935764
1119,UTA,1983,27.68511905
1120,UTA,1984,24.27951389
1121,UTA,1985,23.4303125
1122,UTA,1986,21.69754464
1123,UTA,1987,22.66041667
1124,UTA,1988,22.20587798
1125,UTA,1989,23.13104167
1126,UTA,1990,24.54480903
1127,UTA,1991,26.37664931
1128,UTA,1992,26.07251736
1129,UTA,1993,23.85581731
1130,UTA,1994,24.35203869
1131,UTA,1995,24.37148611
1132,UTA,1996,24.15003205
1133,UTA,1997,23.48766369
1134,UTA,1998,24.33450321
1135,UTA,1999,22.30254808
1136,UTA,2000,22.12628205
1137,UTA,2001,22.66626603
1138,UTA,2002,23.39133929
1139,UTA,2003,23.14790064
1140,UTA,2004,21.59586806
1141,UTA,2005,22.87134804
1142,UTA,2006,22.70406944
1143,UTA,2007,23.98235577
1144,UTA,2008,23.99931548
1145,UTA,2009,23.77381944
1146,UTA,2010,25.19690476
1147,UTA,2011,24.58438802
1148,UTA,2012,22.056875
1149,UTA,2013,24.33496795
1150,UTA,2014,19.81585784
1151,UTA,2015,20.01121875
1152,UTA,2016,22.8571875
1153,UTA,2017,25.39260417
1154,UTA,2018,26.90525
1155,UTA,2019,22.05066176
1156,UTA,2020,25.63175595
1157,WAS,1977,23.04348214
1158,WAS,1978,25.57826389
1159,WAS,1979,25.44069444
1160,WAS,1980,21.30622549
1161,WAS,1981,24.02373611
1162,WAS,1982,24.926875
1163,WAS,1983,20.96776316
1164,WAS,1984,23.59754808
1165,WAS,1985,25.46769345
1166,WAS,1986,22.69082108
1167,WAS,1987,21.67773611
1168,WAS,1988,22.96825321
1169,WAS,1989,22.5480609
1170,WAS,1990,24.251875
1171,WAS,1991,23.62233333
1172,WAS,1992,22.13886719
1173,WAS,1993,22.4263848
1174,WAS,1994,20.55436404
1175,WAS,1995,25.77157552
1176,WAS,1996,24.65678241
1177,WAS,1997,24.05889423
1178,WAS,1998,21.53166667
1179,WAS,1999,22.30875
1180,WAS,2000,21.83335938
1181,WAS,2001,24.08085317
1182,WAS,2002,24.00559524
1183,WAS,2003,22.88169444
1184,WAS,2004,22.68990885
1185,WAS,2005,23.52318056
1186,WAS,2006,23.36491071
1187,WAS,2007,21.04022135
1188,WAS,2008,26.39738782
1189,WAS,2009,24.38002451
1190,WAS,2010,23.64022727
1191,WAS,2011,22.0276087
1192,WAS,2012,23.05959375
1193,WAS,2013,21.61901316
1194,WAS,2014,21.85715686
1195,WAS,2015,20.74944853
1196,WAS,2016,21.45281798
1197,WAS,2017,24.46663889
1198,WAS,2018,24.67188988
1199,WAS,2019,24.26502717
1200,WAS,2020,23.39699405
